<?xml version="1.0" encoding="UTF-8"?>
<!DOCTYPE mapper PUBLIC "-//mybatis.org//DTD Mapper 3.0//EN" "http://mybatis.org/dtd/mybatis-3-mapper.dtd">

<mapper namespace="space">
<select id="selectDefaultList" resultType="hashmap">
<![CDATA[
	SELECT 
		ROW_NUMBER()OVER(ORDER BY SPACE_ID DESC) AS RNUM,	
		AA.* 
	FROM(
		SELECT
			SPACE_ID,
			SPACE_TITLE,
			SPACE_USE, 
			SPACE_IMG, 
			SPACE_POS, 
			SPACE_PRI
		FROM SPACE_LIST
	)AA
]]>
</select>

<select id="selectSearchList" parameterType="hashmap" resultType="hashmap">
<![CDATA[
SELECT ROW_NUMBER()OVER(
<choose>
	<when test="TYPE.equals('read')">
		ORDER BY SPACE_READ DESC
	</when>
	<when test="TYPE.equals('pri')">
		ORDER BY SPACE_PRI DESC
	</when>
	<otherwise>
		ORDER BY SPACE_ID DESC
	</otherwise>
</choose>
) AS RNUM, AA.* FROM(

	SELECT 
		COUNT(*)OVER(ORDER BY SPACE_ID DESC)
		SPACE_ID,SPACE_TITLE,SPACE_USE,
		SPACE_IMG,SPACE_POS,SPACE_PRI,
		SRES_DATE
	FROM(
		SELECT
			SPACE_LIST.*,
			SRES_DATE.SRES_DATE 
		FROM
			SPACE_LIST
		INNER JOIN
		 	SRES_DATE
		ON
			SPACE_LIST.SPACE_ID = SRES_DATE.SPACE_ID
		WHERE
			SRES_DATE
		BETWEEN 
			#{START_DATE}
		AND
			#{END_DATE}
         )
	WHERE
		SPACE_ID = SPACE_ID
	<if test = "USE != null">
	AND SPACE_USE LIKE '%#{USE}%'
	</if>
	<if test = "POS != null">
	AND SPACE_POS LIKE '%#{POS}%'
	</if>
	<if test ="SIZE != null">
	AND SPACE_SIZE < 50
	</if>
	<if test="TITLE != null">
	AND SPACE_TITLE LIKE '%#{TITLE}%'
	</if>
)AA
]]>
</select>

<select id="favoriList" parameterType="hashmap" resultType="string">
<![CDATA[
	SELECT SPACE_ID FROM LIKE_LIST 
	WHERE USER_ID = #{ID}
]]>
</select>

</mapper>