﻿<?xml version="1.0" encoding="UTF-8"?>
<beans xmlns:context="http://www.springframework.org/schema/context"
    xmlns:p="http://www.springframework.org/schema/p"
    xmlns:xsi="http://www.w3.org/2001/XMLSchema-instance"
    xmlns="http://www.springframework.org/schema/beans"
    xmlns:mvc="http://www.springframework.org/schema/mvc"
    xmlns:aop="http://www.springframework.org/schema/aop"
    xsi:schemaLocation="http://www.springframework.org/schema/beans http://www.springframework.org/schema/beans/spring-beans-3.0.xsd
       http://www.springframework.org/schema/context http://www.springframework.org/schema/context/spring-context-3.0.xsd
       http://www.springframework.org/schema/mvc http://www.springframework.org/schema/mvc/spring-mvc.xsd
       http://www.springframework.org/schema/aop http://www.springframework.org/schema/aop/spring-aop.xsd">
	
	<mvc:resources mapping="/image/**" location="/resources/"/>

	
	<context:component-scan base-package="space" use-default-filters="false">
		<context:include-filter type="annotation" expression="org.springframework.stereotype.Controller"/>
	</context:component-scan>
	
	<mvc:resources mapping="/js/**" location="/js/"
		cache-period="60" />
	<mvc:resources mapping="/css/**" location="/css/" 
		cache-period="60" />
	
	<mvc:annotation-driven>
		<mvc:argument-resolvers>
			<bean class="space.common.resolver.CustomMapArgumentResolver"></bean>		
		</mvc:argument-resolvers>
	</mvc:annotation-driven>
	
	<mvc:interceptors>
		<mvc:interceptor>
			<mvc:mapping path="/**"/>
			<bean id="loggerInterceptor" class="space.common.logger.LoggerInterceptor"></bean>
		</mvc:interceptor>
		<mvc:interceptor>
			<mvc:mapping path="/mySpace/*"/>
			<mvc:mapping path="/mypage/*"/>
			<mvc:mapping path="/res/*"/>
			<mvc:mapping path="/admin/*"/>
			<mvc:exclude-mapping path="/admin/AdminLogin"/>
			<mvc:exclude-mapping path="/admin/LoginCheck"/>
			<bean id="LoginInterceptor" class="space.common.common.LogingInterceptor"></bean>
		</mvc:interceptor>
		<mvc:interceptor>
			<mvc:mapping path="/mySpace/*"/>
			<mvc:mapping path="/space/*"/>
			<mvc:mapping path="/res/*"/>
			<mvc:exclude-mapping path="/space/writeQnA"/>
			<mvc:exclude-mapping path="/space/SearchList"/>
			<bean id="EUCInterceptor" class="space.common.common.EncodingInterceptor"></bean>
		</mvc:interceptor>
		<mvc:interceptor>
			<mvc:mapping path="/admin/*"/>
			<mvc:mapping path="/space/writeQnA"/>
			<mvc:mapping path="/space/SearchList"/>
			<bean id="UTFInterceptor" class="space.common.common.UTFencodeInterceptor"></bean>
		</mvc:interceptor>
	</mvc:interceptors>
	
	<aop:aspectj-autoproxy/>
	<bean id="loggerAspect" class="space.common.logger.LoggerAspect"/>
	
    <bean class="org.springframework.web.servlet.mvc.annotation.DefaultAnnotationHandlerMapping"/>
    
    <bean class="org.springframework.web.servlet.view.BeanNameViewResolver" p:order="0" />
    <bean id="jsonView" class="org.springframework.web.servlet.view.json.MappingJackson2JsonView" />    
    
    <bean
    	class="org.springframework.web.servlet.view.UrlBasedViewResolver" p:order="1" 
    	p:viewClass="org.springframework.web.servlet.view.JstlView" 
    	p:prefix="/WEB-INF/jsp/" p:suffix=".jsp">
   	</bean>

   	<!--tiles view설정  -->
   	<bean class="org.springframework.web.servlet.view.UrlBasedViewResolver">
   	<property name="viewClass" value="org.springframework.web.servlet.view.tiles3.TilesView"></property>
   	<property name="order" value="0"></property>
   	</bean>
   	
   <!-- tiles layout설정-->
   <bean id="tilesConfigurer" class="org.springframework.web.servlet.view.tiles3.TilesConfigurer">
  <property name="definitions">
  <list>
  <value>/WEB-INF/tiles/tiles.xml</value>
  </list>
  </property>
  </bean>
</beans>