<?xml version="1.0" encoding="UTF-8"?>
<beans
	xmlns:context="http://www.springframework.org/schema/context"
	xmlns:p="http://www.springframework.org/schema/p"
	xmlns:xsi="http://www.w3.org/2001/XMLSchema-instance"
	xmlns="http://www.springframework.org/schema/beans"
	xmlns:mvc="http://www.springframework.org/schema/mvc"
	xmlns:cache="http://www.springframework.org/schema/cache"
	xmlns:aop="http://www.springframework.org/schema/aop"
	xsi:schemaLocation="http://www.springframework.org/schema/beans http://www.springframework.org/schema/beans/spring-beans-3.0.xsd
	http://www.springframework.org/schema/context http://www.springframework.org/schema/context/spring-context-3.0.xsd
	http://www.springframework.org/schema/mvc http://www.springframework.org/schema/mvc/spring-mvc.xsd 
	http://www.springframework.org/schema/cache http://www.springframework.org/schema/cache/spring-cache.xsd ">

	<context:component-scan base-package="space">
		<context:exclude-filter type="annotation" expression="org.springframework.stereotype.Controller"/>
	</context:component-scan>

	<bean id="multipartResolver" class="org.springframework.web.multipart.commons.CommonsMultipartResolver">
		<property name="maxUploadSize" value="1000000000"></property>
		<property name="maxInMemorySize" value="1000000000"></property>
	</bean>
	
	<bean id="javaMailSender" class="org.springframework.mail.javamail.JavaMailSenderImpl">
    <property name="host" value="smtp.gmail.com" />
    <property name="port" value="587" />
    <property name="username" value="webProjectTeam2@gmail.com" />
    <property name="password" value="project123!" />
    <property name="javaMailProperties">
        <props>
            <prop key="mail.smtp.ssl.trust">smtp.gmail.com</prop>
            <prop key="mail.smtp.starttls.enable">true</prop>
            <prop key="mail.smtp.auth">true</prop>
        </props>
    </property>
	</bean>
	<bean id="joinService" class="space.main.service.JoinServiceImpl">
    	<property name="javaMailSender" ref="javaMailSender" />	
	</bean>
	
<bean id="uploadPath" class="java.lang.String">
<constructor-arg value="C:/test/"></constructor-arg>
</bean>
	

</beans>