<?xml version="1.0" encoding="UTF-8"?>
<!DOCTYPE mapper PUBLIC "//mybatos.org//DTD Mapper 3.0//EN"
 "http://mybatis.org/dtd/mybatis-3-mapper.dtd">
 
 <mapper namespace="login">
 <!-- 로그인 -->
<select id="selectLogin" parameterType="hashMap" resultType="String">
<![CDATA[
        select USER_ID from USER_LIST where USER_ID=#{USER_ID} and USER_PASSWORD=#{USER_PASSWORD}
]]>
</select>

<select id="findId" parameterType="hashmap" resultType="string">
<![CDATA[
	select USER_ID from USER_LIST where USER_EMAIL = #{user_email}      
]]>
</select>
<select id="findPwd" parameterType="hashmap" resultType="string">
<![CDATA[
select USER_ID from USER_LIST where USER_EMAIL = #{user_email} and USER_ID = #{user_id}
]]>
</select>
<update id="updatePwd" parameterType="hashmap">
<![CDATA[				
		UPDATE USER_LIST SET USER_PASSWORD = #{password} where USER_ID = #{user_id}	
		 	
]]>
</update>


</mapper>