<?xml version="1.0" encoding="UTF-8"?>
<!DOCTYPE mapper PUBLIC "//mybatos.org//DTD Mapper 3.0//EN"
 "http://mybatis.org/dtd/mybatis-3-mapper.dtd">
  <mapper namespace="select">
<select id="selectMyLogin" parameterType="hashMap" resultType="String">

<!--정보수정들어가기전에 password확인 -->
<![CDATA[
	SELECT 
		USER_ID 
	FROM 
		USER_LIST 
	WHERE 
		USER_PASSWORD = #{USER_PASSWORD} AND USER_ID = #{USER_ID}
]]>
</select>


<!-- 정보수정페이지에서 회원정보값 불러오기 --> 

<select id="selectMyInfo" parameterType="hashmap" resultType="hashmap">
<![CDATA[
SELECT 
          	USER_ID,  
          	USER_PASSWORD,
          	USER_NAME,
          	USER_EMAIL,
          	USER_PHONE,
	USER_DATE 
FROM 
	USER_LIST 
WHERE 
	USER_ID = #{USER_ID}
]]>
</select>

<!--정보수정눌렀을때 정보수정  -->

<update id="updateMyInfo" parameterType="hashmap" >
<![CDATA[
UPDATE 
	USER_LIST 
SET]]>
<choose>
<when test = 'USER_PASSWORD != "" '>
            USER_PASSWORD  = #{USER_PASSWORD},
</when>
</choose>
<![CDATA[
            USER_EMAIL = #{USER_EMAIL},
            USER_PHONE = #{USER_PHONE} 
       		WHERE USER_ID = #{USER_ID} 
]]>
</update>


<!-- 탈퇴하기 눌렀을때  -->

<update id="deleteUser_Id" parameterType="hashmap">
<![CDATA[
	UPDATE USER_LIST 
	SET 
	USER_VISIBLE='Y'
	WHERE USER_ID=#{USER_ID}
 ]]>
</update>

</mapper>